{
  "settings": {
    "gamma": 0.995,
    "lr": 5e-05,
    "batch_size": 128,
    "epsilon_decay": 0.995,
    "min_epsilon": 0.01
  },
  "memory": {
    "qvalue": [
      0,
      10.0,
      20.0,
      25.0,
      21.0,
      23.0,
      34.0,
      27.0,
      37.0
    ],
    "discount_qvalue": [
      0,
      9.777973906845622,
      19.07790394507647,
      23.55595141023973,
      19.982514425351088,
      21.778188843958212,
      31.338972789833285,
      25.315980794922588,
      33.85625970357343
    ]
  }
}