{
  "settings": {
    "gamma": 0.99,
    "lr": 0.0005,
    "batch_size": 10000,
    "epsilon_decay": 0.99,
    "min_epsilon": 0.1
  },
  "memory": {
    "qvalue": [
      0,
      -91.09899642189016,
      -322.90061269531157,
      -269.8537243438509,
      -169.84638839455113,
      -124.93843944034677,
      -349.9655037247972,
      -161.60183088673102,
      -109.77852083944941,
      -91.17679423218718,
      -206.63332256146546,
      -165.83477568111158,
      -120.45921232885256,
      -306.1935733288706,
      -109.86704938833843,
      -361.07028674433366,
      -376.404926254308,
      -178.4816801722508,
      -242.71197314569295,
      -134.02041607490963,
      -191.99518966191948,
      -94.52701577459331,
      -297.8092202985671,
      -244.23871661912116,
      -89.48152461660779,
      -87.00439736819018,
      -282.0133062197504,
      -126.51054061618942,
      -227.02530328624027,
      -71.4318673187216,
      -296.7410556964421,
      -109.68663869387413,
      -214.5160525959156,
      -245.083868905904,
      -90.83824166088151,
      -188.23834635250773
    ],
    "discount_qvalue": [
      0,
      -79.22363604471369,
      -260.81804105845697,
      -213.09214524032717,
      -133.8638025446856,
      -113.4092111154946,
      -281.4975419213415,
      -130.65276501628475,
      -105.20373347882636,
      -95.50300097013476,
      -154.18034920307502,
      -121.95930721330838,
      -96.6608972785019,
      -273.70171060574785,
      -98.89015880496117,
      -287.22529728006356,
      -289.78419607811816,
      -153.86019578034384,
      -210.10038106530033,
      -115.55483698365832,
      -158.4028687741113,
      -80.90245868878924,
      -259.8810174180775,
      -180.47554925183385,
      -89.35267741015565,
      -85.48111949004748,
      -250.12397961526187,
      -127.42711082280411,
      -177.0975597832483,
      -73.497046687602,
      -226.72565969855737,
      -95.89449290535771,
      -174.1033154207184,
      -218.50589975906405,
      -75.34347358005628,
      -162.8925501727634
    ],
    "obj": [
      0,
      0,
      0,
      0,
      0,
      0,
      0,
      0,
      0,
      0,
      0,
      0,
      0,
      0,
      0,
      0,
      0,
      0,
      0,
      0,
      0,
      0,
      0,
      0,
      0,
      0,
      0,
      0,
      0,
      0,
      0,
      0,
      0,
      0,
      0,
      0
    ]
  }
}