{
  "settings": {
    "gamma": 0.99,
    "lr": 0.0005,
    "batch_size": 512,
    "epsilon_decay": 0.99,
    "min_epsilon": 0.1
  },
  "memory": {
    "qvalue": [
      0,
      -280.6266520819569,
      -428.11068296878403,
      -328.31238964308466,
      -189.3946723475621,
      -151.95619895671445,
      -204.51276873158804,
      -151.9176735437378,
      -262.3926136424918,
      -8.097221022206227,
      -71.75511270015714,
      -180.06106438779523,
      -113.20754564117422,
      -240.7113605537889,
      -82.27143456221252,
      -97.49096407973002,
      -343.9682949676369,
      -125.47911443155752,
      -81.43648691324721,
      -63.3460936892821,
      -218.09293541764885,
      -226.5984604138959,
      -21.910089081446998,
      -243.59621278590052,
      -121.24351146410055,
      -196.4060982472415,
      -124.34143188706169,
      -141.17362396281072,
      -189.83337587990349,
      -142.63644427469143,
      -104.73198486109378,
      -88.42270739885089,
      -108.03072432454644,
      -363.16289536054103,
      -234.72370476204156,
      -121.39217604814559,
      -47.066725938744064,
      -70.24204170243104,
      -231.575270100517,
      -108.27809051690105,
      -92.16090229270574,
      -147.36113475367372,
      -8.98563924293066,
      -109.48829463951299,
      -85.58650658758611,
      -171.34909824429093,
      -120.44607857090526,
      -192.49522122755963,
      -334.5921869485413,
      -140.38418465340447,
      -30.81437497360338,
      -143.63065922315235,
      -342.9270452697608,
      -337.4250112207769,
      -121.70081527101577,
      -136.6717021775174,
      -132.8684589766513,
      -238.4406612663826,
      -93.39326722156146,
      -229.9890904146044,
      -113.60609073383252,
      -159.43709201612538,
      -224.23416409449902,
      -30.01354935058201,
      -57.13523543392556,
      -224.15075773148183,
      -124.18855607910075,
      -283.8604485092022,
      -142.98887789349357,
      -234.4697502306277,
      -154.07001288948695,
      -229.4839740834603,
      -166.18251567626544,
      -132.7797702363323,
      -128.76254137277704,
      -326.2372600293402,
      35.517016561042965,
      -29.2083519993555,
      -248.68539874958,
      -263.43085228598284,
      -133.33148675852743,
      -158.14378651925065,
      -118.8250455917146,
      -125.69359115831156,
      -122.3403296550662,
      -157.2344366845902,
      -206.63649475576364
    ],
    "discount_qvalue": [
      0,
      -240.66106346800683,
      -353.19182629077227,
      -274.0852506849627,
      -167.06200219945364,
      -146.90001997609778,
      -152.93316337247686,
      -140.6750985731761,
      -229.2179173305178,
      -6.915815504009188,
      -72.35075404691491,
      -129.69373482833612,
      -92.41433026418298,
      -202.72876546967672,
      -78.12144923738177,
      -92.94338757815558,
      -297.8890692903683,
      -111.13707062652735,
      -76.27415694434255,
      -68.16054161917543,
      -175.43577318664683,
      -200.58660407486872,
      0.30318479429382705,
      -222.32689580054262,
      -103.42877923779184,
      -156.00084608445326,
      -104.04260363012104,
      -125.08859169369903,
      -160.66677543584092,
      -117.35899440160935,
      -95.22607679000039,
      -76.89911027164302,
      -107.51246276328351,
      -293.6620995653457,
      -194.8619893334655,
      -111.26914212246498,
      -27.12830818019367,
      -55.35685980722712,
      -185.02803070539147,
      -102.98506064508835,
      -98.56038528230816,
      -135.59024006591454,
      -0.8517155565385224,
      -101.09108195789894,
      -64.36466204194798,
      -152.25091003820185,
      -106.32916010623562,
      -175.04248364661782,
      -276.3266320573455,
      -125.07819752454,
      -14.031693855372012,
      -119.62659804101125,
      -274.045837960705,
      -282.2103684251482,
      -110.92329985705258,
      -121.75508004160079,
      -119.2774705144248,
      -202.52801952173883,
      -90.50045819904955,
      -194.5005689298737,
      -104.85160782107552,
      -134.3560198416696,
      -194.31448602482482,
      -10.466560637635851,
      -38.098004660948895,
      -188.62723484638198,
      -118.90461405259659,
      -234.12961534390462,
      -129.61457998105723,
      -197.85294670865375,
      -140.3673961879877,
      -194.11054788504623,
      -136.75571792717713,
      -121.99460261572304,
      -118.2288225995443,
      -275.3844010244538,
      40.53671457971856,
      -17.56516093203234,
      -210.08806148690815,
      -230.33266412538336,
      -118.60259710886922,
      -145.91674657959933,
      -108.38886988925499,
      -114.52857546229284,
      -114.36382099727925,
      -136.749965294329,
      -179.95192519099044
    ],
    "obj": [
      0,
      0,
      0,
      0,
      0,
      0,
      -2.2751026153564453,
      -2.2751026153564453,
      -2.2751026153564453,
      -2.2751026153564453,
      -2.2751026153564453,
      -0.9232026934623718,
      -0.9232026934623718,
      -0.9232026934623718,
      -0.9232026934623718,
      -0.9232026934623718,
      -0.9232026934623718,
      -0.9232026934623718,
      -1.7216918468475342,
      -1.7216918468475342,
      -1.7216918468475342,
      -1.7216918468475342,
      -1.7216918468475342,
      -1.7216918468475342,
      -1.1972103118896484,
      -1.1972103118896484,
      -1.1972103118896484,
      -1.1972103118896484,
      -1.1972103118896484,
      -1.1972103118896484,
      -1.2056407928466797,
      -1.2056407928466797,
      -1.2056407928466797,
      -1.2056407928466797,
      -1.2056407928466797,
      -1.2056407928466797,
      -1.471325397491455,
      -1.471325397491455,
      -1.471325397491455,
      -1.471325397491455,
      -1.471325397491455,
      -1.471325397491455,
      -1.0939279794692993,
      -1.0939279794692993,
      -1.0939279794692993,
      -1.0939279794692993,
      -1.0939279794692993,
      -1.0939279794692993,
      -1.332639217376709,
      -1.332639217376709,
      -1.332639217376709,
      -1.332639217376709,
      -1.332639217376709,
      -1.332639217376709,
      -2.044966697692871,
      -2.044966697692871,
      -2.044966697692871,
      -2.044966697692871,
      -2.044966697692871,
      -2.044966697692871,
      -2.044966697692871,
      -2.0583224296569824,
      -2.0583224296569824,
      -2.0583224296569824,
      -2.0583224296569824,
      -2.0583224296569824,
      -2.0583224296569824,
      -2.0583224296569824,
      -1.6127173900604248,
      -1.6127173900604248,
      -1.6127173900604248,
      -1.6127173900604248,
      -1.6127173900604248,
      -1.6127173900604248,
      -1.6891573667526245,
      -1.6891573667526245,
      -1.6891573667526245,
      -1.6891573667526245,
      -1.6891573667526245,
      -1.6891573667526245,
      -1.8245717287063599,
      -1.8245717287063599,
      -1.8245717287063599,
      -1.8245717287063599,
      -1.8245717287063599,
      -1.8245717287063599,
      -1.8245717287063599
    ]
  }
}