{
  "settings": {
    "method": "ddpg",
    "gamma": 0.95,
    "lr": 0.0001,
    "batch_size": 128
  },
  "memory": {
    "qvalue": [
      0,
      91.56467855799764,
      90.12123773848836,
      -50.51057583098238,
      -45.89591485591019,
      -51.99812151871273,
      86.76378639262406,
      -58.48912499268161,
      71.26431112427298,
      -49.88655465762232,
      -50.161565227470525,
      -48.79367461600059,
      80.15343284790777,
      74.29355851840825,
      92.64757880292683,
      -64.84844705515758,
      67.31053726229177,
      90.41645225114186,
      71.82725617424526,
      47.52156425740756,
      70.88496452074604,
      -54.294218400957554,
      44.120573176684964,
      89.18347907959789,
      69.06367920612934,
      -64.23105450911181,
      -55.469481061251116,
      41.54747536528654,
      -63.0668224677651,
      -66.23922051806926,
      -66.91130750875737,
      -62.03223918660859,
      -65.24990730638874,
      -64.57871014081063,
      41.359112045507686,
      -59.176858568762036,
      -63.805440077230564,
      -71.06723088723797,
      -72.60474331030642,
      -65.39081659322486,
      -69.50506541616457,
      -64.43112790178196,
      -67.64844493779992,
      -64.83137620671941,
      -72.11460022020339,
      -63.11829464933748,
      -59.18418794894899,
      -66.89699559021594,
      -63.23366071319395,
      -68.36078162418097,
      42.70634968942688,
      -68.71416014277158,
      62.38194874245749,
      -63.95666803992558,
      -65.8375601357236,
      -60.14097383965655,
      -64.6603982955033,
      65.27757145119097,
      -67.89214995641849,
      -70.15179949865617,
      -66.23050455730927,
      -66.36736624074909,
      -67.10087944214446,
      -67.05498315789154,
      -68.03550765886447,
      -65.06584952226966,
      -64.36511426916704,
      -61.99996593081182,
      -64.97889542657771,
      -67.61472054471179,
      -71.58002716033968,
      -63.70573177281866,
      74.87173097499588,
      61.193446382609245,
      -66.29871261763297,
      -66.1229569948895,
      -58.33928631979871,
      -68.10565195601126,
      67.7682787643779,
      -69.22386219025343,
      42.966192479941995,
      83.07553346163272,
      -63.55459149732632,
      -66.39914716283101,
      52.041779503921774,
      41.236740478193,
      -65.93324254988082,
      -65.21317966135717,
      44.15756372144961,
      -64.49559054451666,
      -65.47763123429635,
      -54.42263612816569,
      -54.52468367751127,
      77.22188663406007,
      65.88973895559057,
      -46.00688459616863,
      71.0754244072717,
      86.95680480002223,
      77.06206212320663,
      62.20741166884062,
      84.56129459756603,
      91.96614996524893,
      76.37054732263357,
      90.17092905994765,
      72.1796531145699,
      92.89838755267685,
      86.20674029133635,
      47.51562616077309,
      73.73068199243579,
      64.27064985732252,
      48.676564780554806,
      78.04833218167923,
      76.84132545632097,
      59.29304448155189,
      93.9897014030128,
      89.37807715824259,
      65.93273081228658,
      91.09510273245196,
      50.00089109039482,
      90.9703109205091,
      47.57860867388836,
      91.39140432722395,
      80.61457875310509,
      52.09119432977579,
      77.05093621202619,
      87.78298080381529,
      93.63357541376828,
      91.94795748049724,
      80.80924016172654,
      -50.26672884094816,
      74.25749735381906,
      71.67158913641356,
      68.76660130140797,
      79.66836732661766,
      91.68545362120105,
      83.97716312681753,
      91.06809508473597,
      76.5073455943968,
      88.8324548491238,
      72.21546874462568,
      92.97980035728327,
      85.4858806528167,
      76.93025361634136,
      84.79230927606488,
      84.03617436750886,
      86.48675374459185,
      93.06003200124282,
      92.15249345625567,
      82.15510454815853,
      78.1908566217736
    ],
    "discount_qvalue": [
      0,
      98.40852569993952,
      99.00506597999069,
      -0.9198849552410276,
      -0.6987366012366796,
      -0.6335578538140728,
      99.23894657514587,
      -0.7260206972852646,
      98.59938454169787,
      -0.8356330367682899,
      -0.7860824606951383,
      -1.6052363734930386,
      98.49867420725299,
      98.61366152727712,
      99.2254062777772,
      -1.856982389506744,
      98.56123830455843,
      99.11850144617863,
      98.95637348819392,
      98.99710549494003,
      98.59872254893271,
      -1.1240018419088034,
      98.66167995302065,
      98.97076169668685,
      99.03876882507208,
      -1.3294094348667664,
      -1.3545854430070101,
      99.08030712232625,
      -1.435601072828436,
      -0.9270525283280141,
      -1.4740957931334036,
      -1.5544051934715002,
      -1.150847211018933,
      -0.955758417488111,
      98.6468429725578,
      -1.243714229963849,
      -1.862812441764725,
      -1.2241211880607903,
      -1.8551230224584658,
      -1.8900429415061883,
      -0.7873191265435783,
      -1.131692899848578,
      -1.9634855816618242,
      -1.3444994567301598,
      -1.2721248045703488,
      -1.8342326003002785,
      -1.2963089273257913,
      -1.6396650732843088,
      -1.2042926244470054,
      -1.1866489822667676,
      98.89188785573808,
      -1.1900769026092866,
      99.03879767823737,
      -0.9745145897340985,
      -0.9530040373047072,
      -1.1046941878568035,
      -1.3958642291647587,
      98.69869198732653,
      -1.6279312276251479,
      -1.2217664594759383,
      -1.3796345098836333,
      -1.8582569946703777,
      -1.4375742515126362,
      -1.6763483128537469,
      -1.4336456193677298,
      -1.3041818186747574,
      -1.2437233691155152,
      -1.6045143284749845,
      -1.1846881407089895,
      -1.4791115474390437,
      -1.5708175002281852,
      -1.423036056806911,
      98.49842491018987,
      98.50498806337059,
      -1.4492932088924766,
      -1.4857881773818162,
      -1.630993968369773,
      -1.0945635465566523,
      98.95967230611838,
      -1.3817431897405152,
      98.75175905486805,
      99.02170207774304,
      -1.0323185989447996,
      -1.1431098366306152,
      98.73524024154067,
      98.65606956077947,
      -1.697158514097688,
      -0.9798983479644614,
      99.00888367224336,
      -1.142797861359175,
      -1.40311034085975,
      -1.31841964438595,
      -0.8994588564656267,
      99.11874500942574,
      98.87222915812828,
      -0.9246984693199821,
      99.03441515932253,
      98.96527184900532,
      98.70746952283136,
      99.17550442615408,
      98.40452295181589,
      98.37818501750994,
      98.65916378327871,
      98.45349456508244,
      98.93842274136604,
      98.7117717121824,
      99.09617735434479,
      98.75002456055147,
      98.2277281600206,
      98.84375511258723,
      98.22417509968065,
      98.5395756367941,
      98.50920749248367,
      98.68636465315262,
      98.95009681762448,
      98.66574751564555,
      98.70452270543439,
      98.7850941855155,
      98.50518725091642,
      98.30165339314836,
      98.83851553787007,
      98.80384851838394,
      98.3584161446642,
      98.38217691866377,
      98.36361172269112,
      98.42823318037478,
      98.89795464217471,
      98.87991371775932,
      98.25187779421762,
      -1.140079138353716,
      98.35316981452998,
      98.64663788879369,
      98.34310265654729,
      99.05253723850213,
      98.52583047968368,
      98.62403231013786,
      98.22449093332688,
      98.17648531480792,
      98.45039403858165,
      98.29292370051704,
      99.00131884874872,
      98.5722729255057,
      98.86501608086904,
      98.38797818683989,
      98.93312915202213,
      98.50667666856877,
      98.39812285936043,
      98.72976197144305,
      98.96182925956944,
      98.59958890702576
    ],