{
  "settings": {
    "method": "ddpg",
    "gamma": 0.99,
    "lr": 0.0001,
    "batch_size": 128
  },
  "memory": {
    "qvalue": [
      0,
      94.85650076292728,
      -19.538249580740263,
      -24.165524635445806,
      -23.11892496528274,
      -30.673783961297996,
      -31.637298910398883,
      -42.20000840782709,
      -29.362299112733744,
      -23.842049872313208,
      -23.65527585343482,
      -27.814906168555574,
      -24.3993961510809,
      92.4702031462443,
      -22.5989511214148,
      79.41519335714065,
      -21.32125290859595,
      77.18510413041587,
      79.81269307939316,
      74.88488126336998,
      93.00179434822716,
      76.67500554090249,
      71.61935254947801,
      85.52208349496108,
      -41.11297156904572,
      -48.16083998088045,
      77.789475121214,
      65.45292173729533,
      -62.63377731883397,
      85.89358422198008,
      64.07709623137555,
      -50.49210089134593,
      64.56414459032635,
      76.95938915268226,
      59.72965893104349,
      -54.37454104067618,
      62.4546692999785,
      93.02922854154961,
      73.90523129443056,
      71.64044138088889,
      86.31664483522553,
      81.99975374952487
    ],
    "discount_qvalue": [
      0,
      96.84693377928527,
      -1.876880525471321,
      -2.898283002353013,
      -2.537753873317858,
      -3.794896265346983,
      -2.9299649412494055,
      -5.857632312437898,
      -1.8137066323940811,
      -2.73068475478989,
      -2.0608734701817437,
      -3.056566344405842,
      -2.6777990825448588,
      97.42539189346914,
      -1.7205054622556386,
      96.67063805613653,
      -2.5406004365344845,
      97.21128333568075,
      97.83463411487496,
      96.5755924220887,
      96.9006465053503,
      97.62120770509165,
      95.78019610661438,
      95.87055342770864,
      -4.4654455458613045,
      -4.560635531322985,
      95.20567903041173,
      95.24681079402053,
      -5.333689752205151,
      95.21246473276112,
      94.51776624683909,
      -4.3205490214134,
      94.23311072813658,
      95.82126088851201,
      95.71004895041307,
      -4.632309360813567,
      95.33651527852977,
      96.38764630204705,
      95.79184999809223,
      93.89768206848281,
      96.7529535760876,
      95.6255035056648
    ],
    "actor_loss": [
      0,
      0,
      -3.3570055961608887,
      -7.722461700439453,
      -14.440081596374512,
      -21.719146728515625,
      -31.048749923706055,
      -40.96938705444336,
      -47.844749450683594,
      -51.304603576660156,
      -51.750144958496094,
      -51.90745544433594,
      -52.64641571044922,
      -53.692962646484375,
      -53.34016418457031,
      -54.618858337402344,
      -54.71012878417969,
      -56.36868667602539,
      -56.37474822998047,
      -55.83145523071289,
      -57.338687896728516,
      -59.102516174316406,
      -62.27399444580078,
      -61.02405548095703,
      -63.101593017578125,
      -63.07251739501953,
      -64.29278564453125,
      -63.97216033935547,
      -61.66550064086914,
      -64.93449401855469,
      -62.112979888916016,
      -62.92002487182617,
      -64.6229476928711,
      -63.5050048828125,
      -64.3711929321289,
      -64.17527770996094,
      -64.35858154296875,
      -67.4814682006836,
      -66.26812744140625,
      -63.77818298339844,
      -67.116943359375,
      -67.73312377929688
    ],
    "critic_loss": [
      0,
      0,
      2672.243896484375,
      1716.871337890625,
      1845.732177734375,
      855.8787841796875,
      287.76837158203125,
      222.46392822265625,
      12.472925186157227,
      1.0149638652801514,
      43.73802947998047,
      25.114456176757812,
      1.914544939994812,
      5.800594329833984,
      21.91986083984375,
      8.821746826171875,
      22.247909545898438,
      27.16949462890625,
      10.802989959716797,
      27.50868034362793,
      6.536487579345703,
      3.7352542877197266,
      38.2579231262207,
      19.30025863647461,
      15.348196029663086,
      2.303629159927368,
      8.923515319824219,
      9.965944290161133,
      15.951025009155273,
      41.152503967285156,
      25.59795379638672,
      10.859697341918945,
      21.425125122070312,
      10.0543794631958,
      21.19535255432129,
      2.728733539581299,
      3.226069927215576,
      40.714134216308594,
      10.71650505065918,
      29.511539459228516,
      14.858336448669434,
      27.674692153930664
    ]
  }
}