{
  "settings": {
    "method": "ddpg",
    "gamma": 0.99,
    "lr": 0.0001,
    "batch_size": 128
  },
  "memory": {
    "qvalue": [
      0,
      92.15223839692186,
      89.91639926294937,
      77.84283311342139,
      -57.63730400981198,
      -62.92107137093698,
      58.5572056249945,
      94.2563556750331,
      89.11575209113484,
      88.85234587824543,
      90.1414988579659,
      82.05363502616751,
      89.67933312381534,
      90.04521835516913,
      94.81233044541437,
      91.72402678703787,
      90.8733989665768,
      90.29489938652833,
      93.22823529398376
    ],
    "discount_qvalue": [
      0,
      95.26294066789909,
      95.54559030317834,
      93.9730703171543,
      -6.402512194403222,
      -6.709464932125589,
      92.61030830818052,
      96.37563433736257,
      94.75693135395416,
      94.34874727661804,
      94.71519299557994,
      94.4504184717947,
      94.46358363327643,
      94.93438033312488,
      96.27643479938348,
      95.46998337460847,
      94.90415337458444,
      95.15471906985556,
      95.28520348504694
    ],
    "actor_loss": [
      0,
      0,
      0,
      -8.585524559020996,
      -23.29005241394043,
      -19.689388275146484,
      -22.9924373626709,
      -21.502290725708008,
      -24.993989944458008,
      -25.630905151367188,
      -26.2286376953125,
      -29.850608825683594,
      -31.176176071166992,
      -30.199827194213867,
      -32.931278228759766,
      -30.751205444335938,
      -32.50991439819336,
      -33.47431945800781,
      -33.535369873046875
    ],
    "critic_loss": [
      0,
      0,
      0,
      1501.535888671875,
      3.6355953216552734,
      2.696904182434082,
      2.1105234622955322,
      8.245798110961914,
      14.576026916503906,
      43.0064697265625,
      3.99479079246521,
      9.226598739624023,
      1.8254965543746948,
      7.058480739593506,
      75.533935546875,
      5.651423454284668,
      37.051483154296875,
      30.49581527709961,
      3.918287754058838
    ]
  }
}