{
  "settings": {
    "method": "ddpg",
    "gamma": 0.99,
    "lr": 0.0001,
    "batch_size": 128
  },
  "memory": {
    "qvalue": [
      0,
      91.3237497039653,
      90.46407018355356,
      -49.08566435235209,
      -46.42663854493086,
      -57.78415086851007,
      -49.66643374203909,
      76.51944012452465,
      82.57579582385335,
      87.59312580062077,
      81.55564589911835,
      80.345414066529,
      87.22314704311336,
      91.74058284484114,
      85.6652433739789,
      92.87805191053992,
      87.71472542562144,
      91.55157747542636,
      51.78554973857854,
      89.53923172965406,
      76.54631208867295,
      88.11189664407176,
      85.2677695799967,
      94.67694475885146,
      83.52023035208697,
      86.73718985840135,
      82.70863341231615,
      85.24003199802462,
      77.72731740365495,
      77.9932453456401,
      92.13359220690981,
      87.03881001584716,
      92.27814286369272,
      89.98879983181065,
      92.55560326582277,
      90.08283200151503,
      94.93218503013489,
      93.06241001978843,
      89.91607712888698,
      87.53742332602542,
      81.01858310149694,
      84.4055318028841,
      81.74828468527694,
      84.57058964390058,
      85.53061254958662,
      80.90293216660693,
      86.84381199913899,
      92.14319839872572,
      86.5527402435095
    ],
    "discount_qvalue": [
      0,
      94.79635514038738,
      95.57939930206392,
      -4.698667213618776,
      -4.839062256302865,
      -5.480902438960049,
      -4.720947816884191,
      95.03650916747821,
      94.88529690544794,
      94.67449560408757,
      94.10139025372926,
      94.25586840181327,
      93.64237763234306,
      95.48382311800529,
      95.15924219119756,
      95.61771229664213,
      94.05329746370987,
      95.30565007829364,
      94.30411808351194,
      94.46554367920314,
      93.03480576900547,
      95.46089372261189,
      94.93896527473542,
      96.09435255007187,
      94.84139871959773,
      94.15618907116007,
      94.72730341161554,
      94.68224422396739,
      94.84885223929733,
      94.40427481279184,
      96.12624696754132,
      94.82699163991968,
      95.46490489037143,
      95.38846838127627,
      96.25907082687701,
      94.87125746958608,
      96.48018515372881,
      95.97409543546763,
      95.62528806649065,
      94.70357958453225,
      93.86042253342568,
      93.94074571097953,
      95.06640493035925,
      94.68505838794641,
      94.145827645937,
      94.35012964020869,
      95.21762456939655,
      96.12850038552948,
      94.85527666062276
    ],
    "actor_loss": [
      0,
      0,
      0,
      -29.875720977783203,
      -32.90195846557617,
      -39.17852020263672,
      -38.70187759399414,
      -41.992713928222656,
      -43.792030334472656,
      -42.445648193359375,
      -42.65226745605469,
      -46.97358703613281,
      -45.48894500732422,
      -50.035072326660156,
      -47.551918029785156,
      -46.779449462890625,
      -52.12615203857422,
      -50.733829498291016,
      -55.17100524902344,
      -56.763240814208984,
      -54.744239807128906,
      -58.416160583496094,
      -57.01120376586914,
      -58.346229553222656,
      -56.59641647338867,
      -56.69976806640625,
      -58.64277648925781,
      -57.49810028076172,
      -56.58854675292969,
      -58.901771545410156,
      -57.182525634765625,
      -54.95930480957031,
      -57.453834533691406,
      -56.496280670166016,
      -58.54664611816406,
      -60.050079345703125,
      -58.290733337402344,
      -57.489898681640625,
      -56.462684631347656,
      -58.40065002441406,
      -58.77740478515625,
      -57.956703186035156,
      -54.255882263183594,
      -57.891326904296875,
      -59.39337921142578,
      -57.10639572143555,
      -55.366947174072266,
      -61.97780990600586,
      -60.309532165527344
    ],
    "critic_loss": [
      0,
      0,
      0,
      146.5784912109375,
      39.59812545776367,
      6.3448991775512695,
      47.31691360473633,
      32.86260986328125,
      5.936614513397217,
      29.041400909423828,
      23.867294311523438,
      35.05025100708008,
      96.32905578613281,
      15.619791030883789,
      108.32099151611328,
      87.00410461425781,
      15.880935668945312,
      72.27153778076172,
      31.81851577758789,
      44.129234313964844,
      74.99955749511719,
      37.659210205078125,
      60.0991325378418,
      25.5042667388916,
      46.15742874145508,
      5.980330944061279,
      5.111590385437012,
      7.725075721740723,
      3.6271045207977295,
      19.09271240234375,
      19.422359466552734,
      7.821847438812256,
      22.969348907470703,
      23.259225845336914,
      86.08854675292969,
      11.689410209655762,
      28.075057983398438,
      50.909523010253906,
      33.19441223144531,
      29.96286964416504,
      16.385433197021484,
      4.731746673583984,
      34.06086349487305,
      58.057167053222656,
      7.6667280197143555,
      19.983631134033203,
      16.518653869628906,
      41.08877944946289,
      9.370473861694336
    ]
  }
}