{
  "settings": {
    "method": "ddpg",
    "gamma": 0.99,
    "lr": 0.0001,
    "batch_size": 128
  },
  "memory": {
    "qvalue": [
      0,
      -22.840238838063577,
      -18.65719526367046,
      -21.319212137474434,
      84.50851730873399,
      82.13103496140499,
      78.9956690819154,
      90.5834897820338,
      81.55497053914938,
      74.85960631983068,
      -26.557737919415924,
      -21.613264684444392,
      89.07173001210467,
      75.64175912628579,
      85.13519067864759,
      88.17894211248337,
      74.64196684136917,
      79.45761456466755,
      -26.890685389529054,
      93.31512545974272,
      86.79173686373562,
      88.8529812972496,
      -25.160289010976314,
      -26.490074631433895,
      -26.47895783119817,
      -29.28350128659922,
      90.70940026785244,
      70.9673173030272,
      80.56757475136168,
      89.05099584237503,
      -25.105985373912596,
      90.22305150255234,
      -24.41426927070163,
      -26.32054445414951,
      -28.215546778917115,
      -26.887526706792986,
      -22.04194642996348,
      -22.318901644910834,
      82.48094614252255,
      91.48410834447198,
      84.46802500370487,
      -26.715687178968576,
      -22.53814808226643,
      88.00417443930216,
      -28.10216819479092,
      85.8560796243527,
      -24.2294132815024,
      -30.722438938234923,
      -22.703059553645637,
      77.88827892082506,
      87.24343314291843,
      91.27222465341865,
      -32.355825864491074,
      82.48501460355111,
      74.06638412443054,
      84.80220677214088,
      85.45354974136723,
      89.8032161569134,
      -29.35428463028073,
      89.60962173202019,
      69.10296445738031,
      81.94538196960592,
      90.27860642014888,
      92.47217767193786,
      83.74109215796624,
      64.94219832325955,
      84.60646990324179,
      -30.470308440163386,
      85.71357701711489,
      78.30001318938895,
      87.75856810548709,
      76.63172259280951,
      -31.863883901763717,
      84.43832157933033,
      65.56232386709391,
      77.38699741761015,
      85.253259826969,
      59.41746190317232,
      71.89196234412442,
      70.18372496027739,
      78.65354036255619,
      75.45497628664772,
      -41.97734046008775,
      -39.375352686611926,
      74.56043105171275,
      66.97680567986224,
      65.5746549180605,
      61.89658310784298,
      93.23032933427926,
      90.42191911532187,
      -36.66639584502077,
      73.77296855019394,
      65.92404421790468,
      -44.9943634811731,
      85.870792288373,
      -51.64708843641542,
      -46.640575995002266,
      64.74260629455401,
      90.25647562309265,
      -41.90629238126641,
      71.24937256998103,
      90.20392084439261,
      -40.57445492488955,
      80.61944835132672,
      90.16459790240981,
      69.0495789282719,
      -51.50618339673375,
      -46.17323544276447,
      80.34561759490867,
      89.9777322141948,
      57.54858477852391,
      70.0402482179501,
      66.67103362174461,
      61.34134618905826,
      74.91742150628025,
      -48.08233848378653,
      -44.064131962579296,
      -51.408509121115785,
      58.72917784954862,
      -40.85311803646647,
      -52.61016896417446,
      59.89068828136727,
      61.63640449652888,
      68.83503420812089,
      -46.107818224460836,
      85.59813329641044,
      -46.14983382643603,
      71.02820046594309,
      75.13895630622861,
      48.33240506634166,
      72.74900881325021,
      78.95829256147752,
      62.29614486878293,
      -50.14606483237263,
      -53.85826067365986,
      -46.79533383134589,
      -46.31576592473487,
      -41.88641478662309,
      -41.44541501841419,
      -45.284914289695,
      -47.64625982386335,
      -38.35365299414157,
      -45.49154244376141,
      -52.04248780249657,
      88.51977965565004,
      65.71027465492371,
      -46.80788568796623,
      -40.98425514719594,
      -43.94260841315075,
      -34.788167018970285,
      -44.18437765077273,
      -47.19123688915887,
      -49.93581323793485,
      -42.55605060541529,
      -40.77426869621148,
      -46.366171221344764,
      70.68519781618835,
      -45.19436631041095,
      -48.552242569916665,
      -33.72315082652284,
      -49.29996851280402,
      -49.6600218847029,
      -50.63975839479013,
      -43.997780901698924,
      -40.60170738692546,
      61.90004015695685,
      -42.76410601986282,
      -41.196805308993355,
      -46.19137869224614,
      -43.828619729790795,
      -45.78639788519398,
      76.67509149225666,
      -39.26553471092029,
      -44.19466686843739,
      -45.172243774253545,
      -44.13381448076681,
      -44.63177234904906,
      -46.31181398612906,
      77.51562624957074,
      -48.83146696753957,
      -47.66171429170875,
      -44.05547734044057,
      -41.84011427890229,
      77.48382293451556,
      65.12495357541636,
      -42.364863486134354,
      -40.45803337555269,
      -42.123382967419275,
      -41.448075472011546,
      73.39445265746781,
      -47.152301302075955,
      -46.41033133818165,
      -41.72620783959005,
      -44.29792531057802,
      -41.080197625269186,
      -36.565971851588394
    ],