{
  "settings": {
    "method": "ddpg",
    "gamma": 0.99,
    "lr": 0.0001,
    "batch_size": 128
  },
  "memory": {
    "qvalue": [
      0,
      95.14465208661997,
      -21.993507293734787,
      -23.869344292133903
    ],
    "discount_qvalue": [
      0,
      97.09683411067927,
      -2.1065641870101017,
      -2.6585940509131123
    ],
    "actor_loss": [
      0,
      0,
      -3.140029191970825,
      -7.095667362213135
    ],
    "critic_loss": [
      0,
      0,
      2719.8701171875,
      1780.1021728515625
    ]
  }
}