{
  "settings": {
    "method": "sac",
    "gamma": 0.99,
    "lr": 0.0001,
    "batch_size": 256
  },
  "memory": {
    "qvalue": [
      0,
      -753.4539968258186,
      -1307.4050941083422,
      -1310.470300027098,
      -1619.3981183870549,
      -1030.8175535679766,
      -1248.7868250638853,
      -1713.9902810522221,
      -1620.7985336947174,
      -1818.50988807464,
      -1728.2949167502768,
      -1764.8858357514346,
      -1448.314525480109,
      -1434.107057249836,
      -1340.6367855531682,
      -1090.955463528246,
      -1194.4501374608328,
      -1097.685152225474,
      -800.611927816103,
      -416.03441917307333,
      -546.6383555795306,
      -852.290967083879,
      -1324.200825191515,
      -1151.0837233530233,
      -1306.1785502744308,
      -1294.499439920197,
      -1173.4601149269947,
      -1174.5395716812493,
      -270.98562909362397,
      -2.6582492936265223,
      -133.73534077450876,
      -794.5456024361008,
      -374.7596653515638,
      -253.21555132813603,
      -677.3888340088703,
      -4.937754499624422,
      -132.9773472554963,
      -134.57180558263894,
      -289.781791838776,
      -129.74986887832952,
      -378.4385373615708,
      -123.91753442552815,
      -139.31352480404468,
      -1098.6745306135274,
      -1182.4764480563472,
      -1166.9796107265176,
      -1160.6702925591746,
      -125.71717141424162,
      -1059.984974291929,
      -890.033989725283,
      -367.0864363958656,
      -379.27035131042385,
      -394.25668490101094,
      -373.04252393040014,
      -257.84502232214913,
      -124.12613095819316,
      -472.4660406745107,
      -386.34471706306994,
      -238.62859628784543,
      -377.49173946382035,
      -130.51650938151326,
      -241.99336224543077,
      -137.91154615208373,
      -120.70441670569187,
      -248.19205003231517,
      -427.91244133553363,
      -4.073611875227091,
      -255.05595766168457,
      -258.50708543509074,
      -379.3561952425057,
      -124.43879300414459,
      -129.51783771740526,
      -259.8321910470957,
      -246.10161837400472,
      -256.6015981810893,
      -459.0327662768305,
      -351.3201486322705,
      -253.2172627367692,
      -244.5380093180245,
      -128.86498831236614,
      -119.55132580263906,
      -256.86542280255634,
      -259.6640918213132,
      -3.6629475984859847,
      -238.80342438568826,
      -254.4887524588406,
      -368.3518315201889,
      -365.54624538472547,
      -3.757092186157662,
      -3.5274132062828163,
      -126.023649929915,
      -123.32767241693048,
      -4.011367148946878,
      -255.57603723190448,
      -4.118661635965066,
      -249.8660713236051,
      -257.22115756907033,
      -241.71952263563477,
      -352.7116300961575,
      -129.6243591509201,
      -457.9728281460253,
      -4.08209701576683,
      -255.76753605036575,
      -4.386996706899831,
      -125.67958761462597,
      -132.44169366398302,
      -231.6946457004948,
      -4.392350697427039,
      -3.95836442086658,
      -130.1255563281467,
      -3.9051934420151775,
      -127.58276133582469,
      -238.8527042391227,
      -260.6284059811718,
      -480.73018557493157,
      -117.21781848822883,
      -122.18563913949524,
      -243.95530403931022,
      -4.072267378075281,
      -277.0158043489438,
      -126.01202527537055,
      -250.42981164879802,
      -251.4287167597242,
      -127.70291963418231,
      -249.17340969587573,
      -251.1197241222184,
      -246.83611353835647,
      -3.6017168078994946,
      -252.22757873054564,
      -3.848525389462096,
      -241.37824181798013,
      -389.3513196094789,
      -122.94853525771343,
      -473.32925382171794,
      -118.23458467970478,
      -248.3434379581699,
      -252.50496364746422,
      -339.91369179233885,
      -243.8333351569806,
      -246.55824568326824,
      -128.01928529684702,
      -247.95474726635751,
      -249.94150537298754,
      -364.82476828305863,
      -127.56930264039025,
      -128.28020144095112,
      -254.3578460789381
    ],
    "discount_qvalue": [
      0,
      -396.7015723418474,
      -569.9230311350897,
      -576.0996158126825,
      -695.0796940066604,
      -467.32934369967865,
      -565.2180905171144,
      -761.9438399596953,
      -747.9823793780218,
      -792.9683811628367,
      -759.2632242221,
      -770.039111857333,
      -636.4228035962793,
      -634.6233391967305,
      -557.060756307379,
      -479.27983223790653,
      -493.2180883103261,
      -473.3817121287146,
      -350.0479381893465,
      -173.16380497592078,
      -125.0944556167523,
      -411.12470494362395,
      -629.9687734190175,
      -541.8707833862692,
      -590.1326701199612,
      -563.0086699923316,
      -529.756737383893,
      -524.4018230539025,
      -49.15395244517323,
      -1.1203073597591469,
      -21.936889472689085,
      -264.83569952851724,
      -67.75290962328204,
      -45.721602935494474,
      -281.6131273550563,
      -1.7579623150040893,
      -22.06867046527782,
      -23.348347347561052,
      -50.635790529494514,
      -20.935819545297644,
      -70.34729568358628,
      -19.441046056367224,
      -22.238686301209988,
      -507.3830450652118,
      -567.5803657581647,
      -568.9399656046058,
      -566.792308049029,
      -19.80542245932063,
      -527.2859517061995,
      -460.7394679517533,
      -66.84536059887469,
      -71.62489037678743,
      -94.317407076353,
      -71.65927535995165,
      -47.525212992049646,
      -19.40393499057064,
      -100.76485228570297,
      -100.01691456023823,
      -39.920228053276475,
      -72.15540036986313,
      -21.70311418857086,
      -42.21396083246998,
      -35.65347749392906,
      -18.88362293313972,
      -40.95888491168618,
      -86.23755822919354,
      -1.6485370602209508,
      -49.69010678738966,
      -46.9822811032609,
      -76.22456827947914,
      -19.709272505728933,
      -21.452192173877748,
      -53.555950804691776,
      -40.50651856786291,
      -48.49774166674837,
      -96.27909254920624,
      -62.272629400057916,
      -46.107121868822176,
      -42.543696972516386,
      -21.560476995910832,
      -18.552190281681323,
      -47.84701897197013,
      -53.80659759613398,
      -1.6378580381743546,
      -40.54822273740759,
      -45.177978708164204,
      -70.00894852301701,
      -69.60305188111364,
      -1.643805859120662,
      -1.503501086298824,
      -20.37088391706003,
      -19.151521368560413,
      -1.6738385229562536,
      -48.95211398164899,
      -1.6930086027044389,
      -43.750429505296914,
      -50.1954663260775,
      -41.50934665630167,
      -63.72902894870483,
      -21.562038584944677,
      -93.43054938662804,
      -1.7775572820238914,
      -46.47006280093685,
      -1.7593786978487762,
      -20.257527908512586,
      -25.47673781970285,
      -38.197435937565935,
      -1.772004734092745,
      -1.7217838204511113,
      -23.249794743590215,
      -1.70126392111757,
      -20.926809956629736,
      -40.6137648268999,
      -44.070034444145115,
      -96.56587310832941,
      -18.19260200366283,
      -19.225865446195755,
      -39.76862384546192,
      -1.6419729153798224,
      -46.51543352359483,
      -20.237966125503462,
      -43.43078877211605,
      -44.84197316084563,
      -21.14838335161365,
      -43.34242320507611,
      -43.97685884863021,
      -42.667829587849155,
      -1.611752598329106,
      -45.93602009094394,
      -1.5912280590198935,
      -41.00598653162618,
      -73.47679729226189,
      -19.376041200838714,
      -104.63630705195416,
      -18.27219652371124,
      -43.67011633976738,
      -51.33137126936966,
      -60.58184663980362,
      -41.2219905592494,
      -42.587536837256636,
      -21.264232114419038,
      -48.806262283435565,
      -42.808057975768776,
      -69.00295430910944,
      -20.920817130799815,
      -21.368071538164727,
      -44.76955104115961
    ],